tau,accuracy
0.0,0.6447619047619048
1e-12,0.7168571428571429
1e-10,0.9152857142857143
1e-08,0.9153333333333333
1e-06,0.9164285714285715
0.0001,0.9175238095238095
